235235,32535,2523,44435
235236,32536,2524,44436
235237,32537,2525,44437
235238,32538,2526,44438
235239,32539,2527,44439
235240,32540,2528,44440
235241,32541,2529,44441
235242,32542,2530,44442
235243,32543,2531,44443
235244,32544,2532,44444
235245,32545,2533,44445
235246,32546,2534,44446
235247,32547,2535,44447
235248,32548,2536,44448
235249,32549,2537,44449
235250,32550,2538,44450
235251,32551,2539,44451
235252,32552,2540,44452
235253,32553,2541,44453
235254,32554,2542,44454
235255,32555,2543,44455
235256,32556,2544,44456
235257,32557,2545,44457
235258,32558,2546,44458
235259,32559,2547,44459
235260,32560,2548,44460
235261,32561,2549,44461
